[
  {
    "name": "brandon3055", "ign": "brandon3055", "contribution": "Creator",
    "details": "Hello! I am the creator of Draconic Evolution and i really hope you are enjoying the mod! The following people have all helped draconic evolution in one way or another and i am eternally grateful for their support! I am also a supporter of the Lolnet Minecraft Community!",
    "website": "http://www.brandon3055.com/", "contributionLevel": 3
  }, {
  "name": "GreatOrator", "ign": "GreatOrator", "contribution": "All the things!!! and now a Patreon",
  "details": "GreatOrator has been my BIGGEST supporter from day 1! He has helped with everything from feature ideas and textures to to PR and Web design. Draconic Evolution would not be what it is today without him. Thank You GreatOrator! Also a member of the lolnet community!",
  "website": "http://www.tolkiencraft.com/", "contributionLevel": 3
}, {
  "name": "Sn0wShepherd", "ign": "snowshepherd", "contribution": "Texture and Model creator",
  "details": "Sn0w is responsible fore all of the new 16x textures added in version 1.0.2. As well as all of the new 3D tool and armor models.",
  "website": "http://www.aleciashepherd.com/", "contributionLevel": 3
}, {
  "name": "Hachiseiko", "ign": "Hachiseiko", "contribution": "Texture creator",
  "details": "Hachiseiko created the original textures for the Draconic Evolution tools and weapons.", "website": "",
  "contributionLevel": 0
}, {
  "name": "Skeletonpunk", "ign": "Skeletonpunk", "contribution": "Model creator",
  "details": "Skeletonpunk created the original 3D armor models that were in use for a short period before being replaced by models created by Sn0wShepherd. Although they weren't around long i still appreciate the work that went into them.",
  "website": "", "contributionLevel": 0
}, {
  "name": "covers1624", "ign": "covers1624", "contribution": "Maintains Code Chicken Lib",
  "details": "Covers is an awesome guy! He didnt just give me permission to use CCL he actively insisted because its awesome! He also tells me when im doing things wrong and in exchange i am teaching him basic math. Also a member of the lolnet community!",
  "website": "https://twitter.com/covers1624", "contributionLevel": 3
}, {
  "name": "TheMattaBase", "ign": "TheMattaBase", "contribution": "Friend of brandon3055", "details": "[UNLISTED]",
  "website": "", "contributionLevel": 3
}, {
  "name": "Jake_Evans", "ign": "Jake_Evans", "contribution": "", "details": "[UNLISTED]", "website": "",
  "contributionLevel": 3
}, {
  "name": "Gigabit101", "ign": "Gigabit101", "contribution": "Friend of brandon3055",
  "details": "[UNLISTED] Gigabti404", "website": "", "contributionLevel": 3
}, {
  "name": "dezil_nz", "ign": "dezil_nz", "contribution": "One of the founders of the lolnet minecraft comminity!",
  "details": "[UNLISTED]", "website": "", "contributionLevel": 3
}, {
  "name": "LX_Gaming", "ign": "LX_Gaming", "contribution": "Lolnet Staff", "details": "[UNLISTED]", "website": "",
  "contributionLevel": 3
}, {
  "name": "Direwolf20", "ign": "direwolf20", "contribution": "Awesome Person",
  "details": "Direwolf20's videos are the reason i first started playing modded minecraft soo long ago. This of course eventually lead to me creating Draconic Evolution and all my other mods. So in a way he is responsible for the existance my mods. Thanks Dire!",
  "website": "https://www.youtube.com/user/direwolf20", "contributionLevel": 3
}, {
  "name": "Soaryn", "ign": "Soaryn", "contribution": "Awesome Person",
  "details": "Soaryn inspires me every day to continue working on my mods and releasing new update by providing a perfect example of what NOT to do! Thanks Soaryn!",
  "website": "", "contributionLevel": 3
}, {
  "name": "Trinity4261", "ign": "Trinity4261", "contribution": "My Brother",
  "details": "[UNLISTED] He wanted wings so why not? He is my brother after all.", "website": "", "contributionLevel": 3
},
{
  "name": "FoxMcloud5655", "ign": "FoxMcloud5655", "contribution": "Much Help",
  "details": "Fox is doing great work helping to keep my discord and issue tracker moving smoothly!", "website": "",
  "contributionLevel": 3
},
{
  "name": "texcubsf", "ign": "texcubsf", "contribution": "Patreon",
  "details": "robertwsf is currently supporting me via Patreon for which i am very grateful!", "website": "",
  "contributionLevel": 1
}, {
  "name": "pxoxd", "ign": "pxoxd", "contribution": "Patreon",
  "details": "pxoxd is currently supporting me via Patreon for which i am very grateful!", "website": "",
  "contributionLevel": 1
}, {
  "name": "Antric83", "ign": "Antric83", "contribution": "Patreon",
  "details": "Antric83 is currently supporting me via Patreon for which i am very grateful!", "website": "",
  "contributionLevel": 1
}, {
  "name": "FaMatrix", "ign": "FaMatrix", "contribution": "Patreon",
  "details": "FaMatrix is currently supporting me via Patreon, He is also an Awesome member of Lolnet!",
  "website": "lolnet.co.nz", "contributionLevel": 1
}, {
  "name": "AmberSienna", "ign": "AmberSienna", "contribution": "Patreon",
  "details": "AmberSienna is currently supporting me via Patreon for which i am very grateful!", "website": "",
  "contributionLevel": 1
}, {
  "name": "Teraphina", "ign": "Teraphina", "contribution": "Patreon",
  "details": "Teraphina is currently supporting me via Patreon. Teraphina was also one of the beta testers for Draconic Evolution via Tolkiencraft",
  "website": "disciplesoftherockministries.org", "contributionLevel": 1
}, {
  "name": "Soulrift", "ign": "Soulrift", "contribution": "Patreon",
  "details": "Soulrift is currently supporting me via Patreon for which i am very grateful!",
  "website": "https://www.twitch.tv/soulriftx", "contributionLevel": 1
}, {
  "name": "Drekryan", "ign": "Drekryan", "contribution": "Patreon",
  "details": "Drekryan is currently supporting me via Patreon for which i am very grateful!",
  "website": "http://twitter.com/dreklamb", "contributionLevel": 1
}, {
  "name": "xSquibbyx", "ign": "xSquibbyx", "contribution": "Patreon",
  "details": "xSquibbyx is currently supporting me via Patreon for which i am very grateful!", "website": "",
  "contributionLevel": 1
}, {
  "name": "The_Swordsmen", "ign": "The_Swordsmen", "contribution": "Patreon",
  "details": "The_Swordsmen is currently supporting me via Patreon for which i am very grateful!", "website": "",
  "contributionLevel": 1
}, {
  "name": "EricBrian", "ign": "EricBrian", "contribution": "Patreon",
  "details": "EricBrian is currently supporting me via Patreon for which i am very grateful!", "website": "",
  "contributionLevel": 1
}, {
  "name": "ModAPI", "ign": "ModAPI", "contribution": "Patreon",
  "details": "ModAPI is currently supporting me via Patreon for which i am very grateful!",
  "website": "https://twitter.com/AmathewsGaming", "contributionLevel": 1
}, {
  "name": "Mikepet", "ign": "Mikepet", "contribution": "Patreon",
  "details": "Mikepet is currently supporting me via Patreon for which i am very grateful!", "website": "",
  "contributionLevel": 1
}, {
  "name": "Halacon", "ign": "halacon", "contribution": "Patreon",
  "details": "Halacon is currently supporting me via Patreon for which i am very grateful!", "website": "",
  "contributionLevel": 1
}, {
  "name": "Nick_J_M", "ign": "Nick_J_M", "contribution": "Patreon",
  "details": "Nick is currently supporting me via Patreon for which i am very grateful!", "website": "",
  "contributionLevel": 1
}, {
  "name": "Edward", "ign": "WintrAU", "contribution": "Patreon",
  "details": "Edward is currently supporting me via Patreon for which i am very grateful! He is also a member of the Lolnet Minecraft community.",
  "website": "", "contributionLevel": 1
}, {
  "name": "Der DracheTV", "ign": "Der1Drache", "contribution": "Patreon",
  "details": "Der1Drache is currently supporting me via Patreon for which i am very grateful!", "website": "",
  "contributionLevel": 0
}, {
  "name": "WolufHD", "ign": "WolufHD", "contribution": "Patreon",
  "details": "WolufHD is currently supporting me via Patreon for which i am very grateful!", "website": "",
  "contributionLevel": 1
}, {
  "name": "Morpheus1101", "ign": "Morpheus1101", "contribution": "Patreon",
  "details": "Morpheus1101 is currently supporting me via Patreon for which i am very grateful!", "website": "",
  "contributionLevel": 1
}, {
  "name": "Duomaz", "ign": "Duomaz", "contribution": "Patreon",
  "details": "Duomaz is currently supporting me via Patreon for which i am very grateful!", "website": "",
  "contributionLevel": 1
}, {
  "name": "Zudakai", "ign": "Zudakai", "contribution": "Patreon",
  "details": "Zudakai is currently supporting me via Patreon for which i am very grateful!", "website": "",
  "contributionLevel": 1
}, {
  "name": "Nexus_Chris", "ign": "Nexus_Chris", "contribution": "Patreon",
  "details": "Nexus_Chris is currently supporting me via Patreon for which i am very grateful!", "website": "",
  "contributionLevel": 1
}, {
  "name": "Snakemgr12", "ign": "Snakemgr12", "contribution": "Patreon",
  "details": "Snakemgr12 is currently supporting me via Patreon for which i am very grateful!", "website": "",
  "contributionLevel": 1
}, {
  "name": "Freman_Scum", "ign": "JonathanKish", "contribution": "Patreon",
  "details": "Freman_Scum is currently supporting me via Patreon for which i am very grateful!", "website": "",
  "contributionLevel": 1
}, {
  "name": "Mhoku", "ign": "Mhoku_", "contribution": "Patreon",
  "details": "Mhoku is currently supporting me via Patreon for which i am very grateful!",
  "website": "https://twitter.com/Mhoku_", "contributionLevel": 1
}, {
  "name": "Keith Wagner", "ign": "Om3gagam3r", "contribution": "Patreon",
  "details": "Keith Wagner is currently supporting me via Patreon for which i am very grateful!", "website": "",
  "contributionLevel": 1
}, {
  "name": "Aurelio", "ign": "AureIio", "contribution": "Patreon",
  "details": "Aurelio is currently supporting me via Patreon for which i am very grateful!", "website": "",
  "contributionLevel": 1
}, {
  "name": "awk1995", "ign": "awk1995", "contribution": "Patreon",
  "details": "awk1995 is currently supporting me via Patreon for which i am very grateful!",
  "website": "https://www.youtube.com/channel/UCqZw7qE3zPgvJY0gDR9Yzxg", "contributionLevel": 1
}, {
  "name": "boredi", "ign": "boredi", "contribution": "Patreon",
  "details": "boredi is currently supporting me via Patreon for which i am very grateful!", "website": "",
  "contributionLevel": 1
}, {
  "name": "Jason C", "ign": "DeadHunter", "contribution": "Patreon",
  "details": "Jason C is currently supporting me via Patreon for which i am very grateful!", "website": "",
  "contributionLevel": 1
}, {
  "name": "stjern82", "ign": "stjern82", "contribution": "Patreon",
  "details": "stjern82 is currently supporting me via Patreon for which i am very grateful!", "website": "",
  "contributionLevel": 1
}, {
  "name": "King_Kookie", "ign": "King_Kookie_", "contribution": "Patreon",
  "details": "King_Kookie is currently supporting me via Patreon for which i am very grateful! Also helped track down an impersonator.",
  "website": "", "contributionLevel": 3
}, {
  "name": "lucid4", "ign": "lucid4", "contribution": "Patreon",
  "details": "lucid4 is currently supporting me via Patreon for which i am very grateful!", "website": "",
  "contributionLevel": 1
 },
 {
  "name": "paddycboy", "ign": "paddycboy", "contribution": "Patreon",
  "details": "Paddycboy is currently supporting me via Patreon for which i am very grateful!", "website": "twitter.com/spectatorpaddy",
  "contributionLevel": 1
 },
  {
  "name": "Kris K", "ign": "Krystal_Disc", "contribution": "Patreon",
  "details": "Kris K is currently supporting me via Patreon for which i am very grateful!", "website": "",
  "contributionLevel": 1
 },
  {
  "name": "Connor Love", "ign": "connorlove9", "contribution": "Patreon",
  "details": "Connor is currently supporting me via Patreon for which i am very grateful!", "website": "https://www.twitch.tv/connorlove9",
  "contributionLevel": 1
 },
  {
  "name": "Quarnds", "ign": "Quarnds", "contribution": "Patreon",
  "details": "Quarnds is currently supporting me via Patreon for which i am very grateful!", "website": "",
  "contributionLevel": 1
 },
 {
  "name": "xtrux", "ign": "xtrux", "contribution": "Patreon",
  "details": "xtrux is currently supporting me via Patreon for which i am very grateful!", "website": "",
  "contributionLevel": 1
 },
 {
  "name": "Andrew", "ign": "ItzHDGaming", "contribution": "Patreon",
  "details": "Andrew is currently supporting me via Patreon for which i am very grateful!", "website": "",
  "contributionLevel": 1
 },
 {
  "name": "TanLorik4", "ign": "TanLorik4", "contribution": "Patreon",
  "details": "[UNLISTED]", "website": "",
  "contributionLevel": 1
 },
 {
  "name": "_apollox_", "ign": "_apollox_", "contribution": "Patreon",
  "details": "ApolloX is currently supporting me via Patreon for which i am very grateful!", "website": "",
  "contributionLevel": 0
 },
 {
  "name": "jackkeane98", "ign": "jackkeane98", "contribution": "Patreon",
  "details": "jackkeane98 is currently supporting me via Patreon for which i am very grateful!", "website": "",
  "contributionLevel": 1
 },
 {
  "name": "chaetay", "ign": "chaetay", "contribution": "Patreon",
  "details": "chaetay is currently supporting me via Patreon for which i am very grateful!", "website": "mc-complex.com",
  "contributionLevel": 1
 },
 {
  "name": "GoldClassGaming", "ign": "GoldClassGaming", "contribution": "Patreon",
  "details": "GoldClassGaming is currently supporting me via Patreon for which i am very grateful!", "website": "twitter.com/GCGAndy",
  "contributionLevel": 1
 },
 {
  "name": "Toon", "ign": "ToonCraTheGod", "contribution": "Patreon",
  "details": "Toon is currently supporting me via Patreon for which i am very grateful!", "website": "",
  "contributionLevel": 1
 },
 {
  "name": "Merlin (Sean)", "ign": "_Merlin_Book_", "contribution": "Patreon",
  "details": "Merlin is currently supporting me via Patreon for which i am very grateful!", "website": "",
  "contributionLevel": 1
 },
 {
  "name": "STALlN", "ign": "STALlN", "contribution": "Patreon",
  "details": "STALlN is currently supporting me via Patreon for which i am very grateful!", "website": "",
  "contributionLevel": 1
 },
 {
  "name": "Elfie", "ign": "elfdafatpizza", "contribution": "Patreon",
  "details": "Elfie is currently supporting me via Patreon for which i am very grateful!", "website": "",
  "contributionLevel": 1
 },
 {
  "name": "muffinman_21", "ign": "muffinman_21", "contribution": "Patreon",
  "details": "muffinman_21 is currently supporting me via Patreon for which i am very grateful!", "website": "",
  "contributionLevel": 1
 },
  {
  "name": "Munchkin", "ign": "AquaKyubey", "contribution": "Patreon",
  "details": "Munchkin is currently supporting me via Patreon for which i am very grateful!", "website": "",
  "contributionLevel": 1
 },
   {
  "name": "ReignOfFROZE", "ign": "ReignOfFROZE", "contribution": "Patreon",
  "details": "ReignOfFROZE is currently supporting me via Patreon for which i am very grateful!", "website": "",
  "contributionLevel": 1
 },
    {
  "name": "Jack", "ign": "MistaOmega", "contribution": "Patreon",
  "details": "Jack is currently supporting me via Patreon for which i am very grateful!", "website": "",
  "contributionLevel": 0
 },
   {
  "name": "Megaguy444", "ign": "Megaguy444", "contribution": "Contributor",
  "details": "Megaguy444 helped me identify a credit card scammer! Thanks mega!", "website": "",
  "contributionLevel": 1
 },
   {
  "name": "TheIcicle", "ign": "TheIcicle", "contribution": "Patreon",
  "details": "TheIcicle is currently supporting me via Patreon for which i am very grateful!", "website": "",
  "contributionLevel": 1
 },
    {
  "name": "DannySnowPaw", "ign": "DannySnowPaw", "contribution": "Patreon",
  "details": "DannySnowPaw is currently supporting me via Patreon for which i am very grateful!", "website": "",
  "contributionLevel": 1
 },
    {
  "name": "Einhornyordle", "ign": "Einhornyordle", "contribution": "Patreon",
  "details": "Einhornyordle is currently supporting me via Patreon for which i am very grateful!", "website": "",
  "contributionLevel": 1
 },
     {
  "name": "SK0R3N", "ign": "SK0R3N", "contribution": "Patreon",
  "details": "SK0R3N is currently supporting me via Patreon for which i am very grateful!", "website": "",
  "contributionLevel": 0
 },
      {
  "name": "Allekks", "ign": "allekksNOR", "contribution": "Patreon",
  "details": "Allekks is currently supporting me via Patreon for which i am very grateful!", "website": "",
  "contributionLevel": 1
 },
       {
  "name": "ShiaLaBeef", "ign": "Shia_La_Beef", "contribution": "Patreon",
  "details": "ShiaLaBeef is currently supporting me via Patreon for which i am very grateful!", "website": "",
  "contributionLevel": 0
 },
        {
  "name": "Shotguun29", "ign": "Shotguun29", "contribution": "Patreon",
  "details": "Shotguun29 is currently supporting me via Patreon for which i am very grateful!", "website": "",
  "contributionLevel": 1
 },
         {
  "name": "ImAlexHimSelf", "ign": "ImAlexHimSelf", "contribution": "Patreon",
  "details": "ImAlexHimSelf is currently supporting me via Patreon for which i am very grateful!", "website": "",
  "contributionLevel": 1
 },
          {
  "name": "Stunnahh", "ign": "Stunnahh", "contribution": "Patreon",
  "details": "Stunnahh is currently supporting me via Patreon for which i am very grateful!", "website": "",
  "contributionLevel": 1
 },
           {
  "name": "Deltora101", "ign": "DELTORA101", "contribution": "Patreon",
  "details": "Deltora101 is currently supporting me via Patreon for which i am very grateful!", "website": "",
  "contributionLevel": 1
 },
             {
  "name": "Dayrim", "ign": "Dayrim", "contribution": "Patreon",
  "details": "Dayrim is currently supporting me via Patreon for which i am very grateful!", "website": "",
  "contributionLevel": 0
 },
 {
  "name": "slaider221", "ign": "slaider221", "contribution": "Patreon",
  "details": "slaider221 is currently supporting me via Patreon for which i am very grateful!", "website": "",
  "contributionLevel": 1
 },
             {
  "name": "DreamyPaw", "ign": "DreamyPaw", "contribution": "Patreon",
  "details": "DreamyPaw is currently supporting me via Patreon for which i am very grateful!", "website": "",
  "contributionLevel": 1
 },
              {
  "name": "sharkck", "ign": "sharkck", "contribution": "Patreon",
  "details": "sharkck is currently supporting me via Patreon for which i am very grateful!", "website": "",
  "contributionLevel": 1
 },
              {
  "name": "Zorlander", "ign": "Zorlander", "contribution": "Patreon",
  "details": "Zorlander is currently supporting me via Patreon for which i am very grateful!", "website": "",
  "contributionLevel": 1
 },
               {
  "name": "Link19658", "ign": "Link19658", "contribution": "Patreon",
  "details": "Link19658 is currently supporting me via Patreon for which i am very grateful!", "website": "",
  "contributionLevel": 1
 },
                {
  "name": "Tetsu502", "ign": "ShuckleGuardian", "contribution": "Patreon",
  "details": "Tetsu502 is currently supporting me via Patreon for which i am very grateful!", "website": "",
  "contributionLevel": 1
 },
 
 
 {
  "name": "OneEyeMaker", "ign": "OneEyeMaker", "contribution": "Code Contributor",
  "details": "OneEyeMaker is responsible for the config overhall in 1.0.2f", "website": "", "contributionLevel": 1
}, {
  "name": "KWPUGH", "ign": "KWPUGH", "contribution": "Donator",
  "details": "I would just like to say thankyou to KWPUGH for supporting the development of Draconic Evolution.",
  "website": "", "contributionLevel": 1
}, {
  "name": "Straymaverick", "ign": "Straymaverick", "contribution": "Cool streamer guy!!",
  "details": "[UNLISTED]", "website": "", "contributionLevel": 3
}, {
  "name": "mikhaila666", "ign": "mikhaila666", "contribution": "lolnet Badge Enabled",
  "details": "[UNLISTED] This user contributed to Lolnet during the 2017 donation drive. Lolnet is a large Minecraft community that i support. Check them out at lolnet.co.nz",
  "website": "", "contributionLevel": 2
}, {
  "name": "Rustynator", "ign": "Rustynator", "contribution": "lolnet Badge Enabled",
  "details": "[UNLISTED] This user contributed to Lolnet during the 2017 donation drive. Lolnet is a large Minecraft community that i support. Check them out at lolnet.co.nz",
  "website": "", "contributionLevel": 0
}, {
  "name": "SalTDS", "ign": "SalTDS", "contribution": "lolnet Badge Enabled",
  "details": "[UNLISTED] This user contributed to Lolnet during the 2017 donation drive. Lolnet is a large Minecraft community that i support. Check them out at lolnet.co.nz",
  "website": "", "contributionLevel": 0
}, {
  "name": "uradox", "ign": "uradox", "contribution": "lolnet Badge Enabled",
  "details": "[UNLISTED] This user contributed to Lolnet during the 2017 donation drive. Lolnet is a large Minecraft community that i support. Check them out at lolnet.co.nz",
  "website": "", "contributionLevel": 0
}, {
  "name": "Rohdon", "ign": "Rohdon", "contribution": "lolnet Badge Enabled",
  "details": "[UNLISTED] This user contributed to Lolnet during the 2017 donation drive. Lolnet is a large Minecraft community that i support. Check them out at lolnet.co.nz",
  "website": "", "contributionLevel": 0
}, {
  "name": "ArcaneAscension", "ign": "ArcaneAscension", "contribution": "lolnet Badge Enabled",
  "details": "[UNLISTED] This user contributed to Lolnet during the 2017 donation drive. Lolnet is a large Minecraft community that i support. Check them out at lolnet.co.nz",
  "website": "", "contributionLevel": 0
}, {
  "name": "soul_lighter", "ign": "soul_lighter", "contribution": "lolnet Badge Enabled",
  "details": "[UNLISTED] This user contributed to Lolnet during the 2017 donation drive. Lolnet is a large Minecraft community that i support. Check them out at lolnet.co.nz",
  "website": "", "contributionLevel": 0
}, {
  "name": "Haigen", "ign": "Haigen", "contribution": "lolnet Badge Enabled",
  "details": "[UNLISTED] This user contributed to Lolnet during the 2017 donation drive. Lolnet is a large Minecraft community that i support. Check them out at lolnet.co.nz",
  "website": "", "contributionLevel": 0
}, {
  "name": "modulateddreams", "ign": "modulateddreams", "contribution": "lolnet Badge Enabled",
  "details": "[UNLISTED] This user contributed to Lolnet during the 2017 donation drive. Lolnet is a large Minecraft community that i support. Check them out at lolnet.co.nz",
  "website": "", "contributionLevel": 0
}, {
  "name": "ChickenMobile", "ign": "ChickenMobile", "contribution": "lolnet Badge Enabled",
  "details": "[UNLISTED] This user contributed to Lolnet during the 2017 donation drive. Lolnet is a large Minecraft community that i support. Check them out at lolnet.co.nz",
  "website": "", "contributionLevel": 0
}, {
  "name": "Handyman_Sam", "ign": "Handyman_Sam", "contribution": "lolnet Badge Enabled",
  "details": "[UNLISTED] This user contributed to Lolnet during the 2017 donation drive. Lolnet is a large Minecraft community that i support. Check them out at lolnet.co.nz",
  "website": "", "contributionLevel": 0
}, {
  "name": "jarakii4", "ign": "jarakii4", "contribution": "lolnet Badge Enabled",
  "details": "[UNLISTED] This user contributed to Lolnet during the 2017 donation drive. Lolnet is a large Minecraft community that i support. Check them out at lolnet.co.nz",
  "website": "", "contributionLevel": 0
}, {
  "name": "kristyellen", "ign": "kristyellen", "contribution": "lolnet Badge Enabled",
  "details": "[UNLISTED] This user contributed to Lolnet during the 2017 donation drive. Lolnet is a large Minecraft community that i support. Check them out at lolnet.co.nz",
  "website": "", "contributionLevel": 0
}, {
  "name": "willo33", "ign": "willo33", "contribution": "lolnet Badge Enabled",
  "details": "[UNLISTED] This user contributed to Lolnet during the 2017 donation drive. Lolnet is a large Minecraft community that i support. Check them out at lolnet.co.nz",
  "website": "", "contributionLevel": 0
}, {
  "name": "123zane321", "ign": "123zane321", "contribution": "lolnet Badge Enabled",
  "details": "[UNLISTED] This user contributed to Lolnet during the 2017 donation drive. Lolnet is a large Minecraft community that i support. Check them out at lolnet.co.nz",
  "website": "", "contributionLevel": 0
}, {
  "name": "CrowbarJr", "ign": "CrowbarJr", "contribution": "lolnet Badge Enabled",
  "details": "[UNLISTED] This user contributed to Lolnet during the 2017 donation drive. Lolnet is a large Minecraft community that i support. Check them out at lolnet.co.nz",
  "website": "", "contributionLevel": 0
}, {
  "name": "Fluro_", "ign": "Fluro_", "contribution": "lolnet Badge Enabled",
  "details": "[UNLISTED] This user contributed to Lolnet during the 2017 donation drive. Lolnet is a large Minecraft community that i support. Check them out at lolnet.co.nz",
  "website": "", "contributionLevel": 0
}, {
  "name": "OnyxSentinel04", "ign": "OnyxSentinel04", "contribution": "lolnet Badge Enabled",
  "details": "[UNLISTED] This user contributed to Lolnet during the 2017 donation drive. Lolnet is a large Minecraft community that i support. Check them out at lolnet.co.nz",
  "website": "", "contributionLevel": 0
}, {
  "name": "raider_880", "ign": "raider_880", "contribution": "lolnet Badge Enabled",
  "details": "[UNLISTED] This user contributed to Lolnet during the 2017 donation drive. Lolnet is a large Minecraft community that i support. Check them out at lolnet.co.nz",
  "website": "", "contributionLevel": 0
}, {
  "name": "deamonbite", "ign": "deamonbite", "contribution": "lolnet Badge Enabled",
  "details": "[UNLISTED] This user contributed to Lolnet during the 2017 donation drive. Lolnet is a large Minecraft community that i support. Check them out at lolnet.co.nz",
  "website": "", "contributionLevel": 0
}, {
  "name": "Skittzman", "ign": "Skittzman", "contribution": "lolnet Badge Enabled",
  "details": "[UNLISTED] This user contributed to Lolnet during the 2017 donation drive. Lolnet is a large Minecraft community that i support. Check them out at lolnet.co.nz",
  "website": "", "contributionLevel": 0
}, {
  "name": "Skittzman", "ign": "Skittzman", "contribution": "lolnet Badge Enabled",
  "details": "[UNLISTED] This user contributed to Lolnet during the 2017 donation drive. Lolnet is a large Minecraft community that i support. Check them out at lolnet.co.nz",
  "website": "", "contributionLevel": 0
}, {
  "name": "Willo33", "ign": "Willo33", "contribution": "lolnet Badge Enabled",
  "details": "[UNLISTED] This user contributed to Lolnet during the 2017 donation drive. Lolnet is a large Minecraft community that i support. Check them out at lolnet.co.nz",
  "website": "", "contributionLevel": 0
}, {
  "name": "44shades44", "ign": "44shades44", "contribution": "lolnet Badge Enabled",
  "details": "[UNLISTED] This user contributed to Lolnet during the 2018 donation drive. Lolnet is a large Minecraft community that i support. Check them out at lolnet.co.nz",
  "website": "", "contributionLevel": 0
}, {
  "name": "Dr_Teath", "ign": "Dr_Teath", "contribution": "lolnet Badge Enabled",
  "details": "[UNLISTED] This user contributed to Lolnet during the 2018 donation drive. Lolnet is a large Minecraft community that i support. Check them out at lolnet.co.nz",
  "website": "", "contributionLevel": 0
}, {
  "name": "fwb2700", "ign": "fwb2700", "contribution": "lolnet Badge Enabled",
  "details": "[UNLISTED] This user contributed to Lolnet during the 2018 donation drive. Lolnet is a large Minecraft community that i support. Check them out at lolnet.co.nz",
  "website": "", "contributionLevel": 0
}, {
  "name": "rhodesy523", "ign": "rhodesy523", "contribution": "lolnet Badge Enabled",
  "details": "[UNLISTED] This user contributed to Lolnet during the 2018 donation drive. Lolnet is a large Minecraft community that i support. Check them out at lolnet.co.nz",
  "website": "", "contributionLevel": 0
}, {
  "name": "Waylandor", "ign": "Waylandor", "contribution": "lolnet Badge Enabled",
  "details": "[UNLISTED] This user contributed to Lolnet during the 2018 donation drive. Lolnet is a large Minecraft community that i support. Check them out at lolnet.co.nz",
  "website": "", "contributionLevel": 0
}, {
  "name": "alizdor", "ign": "alizdor", "contribution": "lolnet Badge Enabled",
  "details": "[UNLISTED] This user contributed to Lolnet during the 2018 donation drive. Lolnet is a large Minecraft community that i support. Check them out at lolnet.co.nz",
  "website": "", "contributionLevel": 0
}, {
  "name": "yampertx", "ign": "yampertx", "contribution": "lolnet Badge Enabled",
  "details": "[UNLISTED] This user contributed to Lolnet during the 2018 donation drive. Lolnet is a large Minecraft community that i support. Check them out at lolnet.co.nz",
  "website": "", "contributionLevel": 0
}, {
  "name": "raider880", "ign": "raider880", "contribution": "lolnet Badge Enabled",
  "details": "[UNLISTED] This user contributed to Lolnet during the 2018 donation drive. Lolnet is a large Minecraft community that i support. Check them out at lolnet.co.nz",
  "website": "", "contributionLevel": 0
}, {
  "name": "Glitchunter", "ign": "Glitchunter", "contribution": "lolnet Badge Enabled",
  "details": "[UNLISTED] This user contributed to Lolnet during the 2018 donation drive. Lolnet is a large Minecraft community that i support. Check them out at lolnet.co.nz",
  "website": "", "contributionLevel": 0
}, {
  "name": "MuadDib912", "ign": "MuadDib912", "contribution": "lolnet Badge Enabled",
  "details": "[UNLISTED] This user contributed to Lolnet during the 2018 donation drive. Lolnet is a large Minecraft community that i support. Check them out at lolnet.co.nz",
  "website": "", "contributionLevel": 0
}, {
  "name": "Oztin", "ign": "Oztin", "contribution": "lolnet Badge Enabled",
  "details": "[UNLISTED] This user contributed to Lolnet during the 2018 donation drive. Lolnet is a large Minecraft community that i support. Check them out at lolnet.co.nz",
  "website": "", "contributionLevel": 0
}, {
  "name": "Sarkazo", "ign": "Sarkazo", "contribution": "lolnet Badge Enabled",
  "details": "[UNLISTED] This user contributed to Lolnet during the 2018 donation drive. Lolnet is a large Minecraft community that i support. Check them out at lolnet.co.nz",
  "website": "", "contributionLevel": 0
}, {
  "name": "MJW87", "ign": "MJW87", "contribution": "lolnet Badge Enabled",
  "details": "[UNLISTED] This user contributed to Lolnet during the 2018 donation drive. Lolnet is a large Minecraft community that i support. Check them out at lolnet.co.nz",
  "website": "", "contributionLevel": 0
}, {
  "name": "Dobsonium", "ign": "Dobsonium", "contribution": "lolnet Badge Enabled",
  "details": "[UNLISTED] This user contributed to Lolnet during the 2018 donation drive. Lolnet is a large Minecraft community that i support. Check them out at lolnet.co.nz",
  "website": "", "contributionLevel": 0
}, {
  "name": "chocofish31", "ign": "chocofish31", "contribution": "lolnet Badge Enabled",
  "details": "[UNLISTED] This user contributed to Lolnet during the 2018 donation drive. Lolnet is a large Minecraft community that i support. Check them out at lolnet.co.nz",
  "website": "", "contributionLevel": 0
}, {
  "name": "Dingasm", "ign": "Dingasm", "contribution": "lolnet Badge Enabled",
  "details": "[UNLISTED] This user contributed to Lolnet during the 2018 donation drive. Lolnet is a large Minecraft community that i support. Check them out at lolnet.co.nz",
  "website": "", "contributionLevel": 0
}, {
  "name": "Microjet", "ign": "Microjet", "contribution": "lolnet Badge Enabled",
  "details": "[UNLISTED] This user contributed to Lolnet during the 2018 donation drive. Lolnet is a large Minecraft community that i support. Check them out at lolnet.co.nz",
  "website": "", "contributionLevel": 0
}, {
  "name": "scurry21", "ign": "scurry21", "contribution": "lolnet Badge Enabled",
  "details": "[UNLISTED] This user contributed to Lolnet during the 2018 donation drive. Lolnet is a large Minecraft community that i support. Check them out at lolnet.co.nz",
  "website": "", "contributionLevel": 0
}, {
  "name": "anarki99nz", "ign": "anarki99nz", "contribution": "lolnet Badge Enabled",
  "details": "[UNLISTED] This user contributed to Lolnet during the 2018 donation drive. Lolnet is a large Minecraft community that i support. Check them out at lolnet.co.nz",
  "website": "", "contributionLevel": 0
}, {
  "name": "Cluracan", "ign": "Cluracan", "contribution": "lolnet Badge Enabled",
  "details": "[UNLISTED] This user contributed to Lolnet during the 2018 donation drive. Lolnet is a large Minecraft community that i support. Check them out at lolnet.co.nz",
  "website": "", "contributionLevel": 0
}, {
  "name": "Deathnz1", "ign": "Deathnz1", "contribution": "lolnet Badge Enabled",
  "details": "[UNLISTED] This user contributed to Lolnet during the 2018 donation drive. Lolnet is a large Minecraft community that i support. Check them out at lolnet.co.nz",
  "website": "", "contributionLevel": 0
}, {
  "name": "Ae0lian", "ign": "Ae0lian", "contribution": "lolnet Badge Enabled",
  "details": "[UNLISTED] This user contributed to Lolnet during the 2018 donation drive. Lolnet is a large Minecraft community that i support. Check them out at lolnet.co.nz",
  "website": "", "contributionLevel": 0
}, {
  "name": "Death4999901", "ign": "Death4999901", "contribution": "lolnet Badge Enabled",
  "details": "[UNLISTED] This user contributed to Lolnet during the 2018 donation drive. Lolnet is a large Minecraft community that i support. Check them out at lolnet.co.nz",
  "website": "", "contributionLevel": 0
}, {
  "name": "Igneel32", "ign": "Igneel32", "contribution": "lolnet Badge Enabled",
  "details": "[UNLISTED] This user contributed to Lolnet during the 2018 donation drive. Lolnet is a large Minecraft community that i support. Check them out at lolnet.co.nz",
  "website": "", "contributionLevel": 1
}, {
  "name": "StabbyInc", "ign": "StabbyInc", "contribution": "lolnet Badge Enabled",
  "details": "[UNLISTED] This user contributed to Lolnet during the 2018 donation drive. Lolnet is a large Minecraft community that i support. Check them out at lolnet.co.nz",
  "website": "", "contributionLevel": 0
}, {
  "name": "xElementzx", "ign": "xElementzx", "contribution": "lolnet Badge Enabled",
  "details": "[UNLISTED] This user contributed to Lolnet during the 2018 donation drive. Lolnet is a large Minecraft community that i support. Check them out at lolnet.co.nz",
  "website": "", "contributionLevel": 1
}, {
 "name": "Troopy_", "ign": "Troopy_", "contribution": "lolnet Badge Enabled",
 "details": "[UNLISTED] This user contributed to Creation Reborn during the 2019 donation drive. Creation Reborn is a large Minecraft community that i support. Check them out at creationreborn.net",
 "website": "", "contributionLevel": 0
}, {
 "name": "Haigen", "ign": "Haigen", "contribution": "lolnet Badge Enabled",
 "details": "[UNLISTED] This user contributed to Creation Reborn during the 2019 donation drive. Creation Reborn is a large Minecraft community that i support. Check them out at creationreborn.net",
 "website": "", "contributionLevel": 1
},

{
 "name": "Hawkizedyus", "ign": "Hawkizedyus", "contribution": "lolnet Badge Enabled",
 "details": "[UNLISTED] This user contributed to Creation Reborn during the 2019 donation drive. Creation Reborn is a large Minecraft community that i support. Check them out at creationreborn.net",
 "website": "", "contributionLevel": 1
}, {
 "name": "uradox", "ign": "uradox", "contribution": "lolnet Badge Enabled",
 "details": "[UNLISTED] This user contributed to Creation Reborn during the 2019 donation drive. Creation Reborn is a large Minecraft community that i support. Check them out at creationreborn.net",
 "website": "", "contributionLevel": 1
}, {
 "name": "anarki99nz", "ign": "anarki99nz", "contribution": "lolnet Badge Enabled",
 "details": "[UNLISTED] This user contributed to Creation Reborn during the 2019 donation drive. Creation Reborn is a large Minecraft community that i support. Check them out at creationreborn.net",
 "website": "", "contributionLevel": 1
}, {
 "name": "Jackster819", "ign": "Jackster819", "contribution": "lolnet Badge Enabled",
 "details": "[UNLISTED] This user contributed to Creation Reborn during the 2019 donation drive. Creation Reborn is a large Minecraft community that i support. Check them out at creationreborn.net",
 "website": "", "contributionLevel": 1
}, {
 "name": "Sarkazo", "ign": "Sarkazo", "contribution": "lolnet Badge Enabled",
 "details": "[UNLISTED] This user contributed to Creation Reborn during the 2019 donation drive. Creation Reborn is a large Minecraft community that i support. Check them out at creationreborn.net",
 "website": "", "contributionLevel": 1
}, {
 "name": "Dr_Teath", "ign": "Dr_Teath", "contribution": "lolnet Badge Enabled",
 "details": "[UNLISTED] This user contributed to Creation Reborn during the 2019 donation drive. Creation Reborn is a large Minecraft community that i support. Check them out at creationreborn.net",
 "website": "", "contributionLevel": 1
}
]
